order_id,current_slot,sku_slot
1,"(0,0)","(0,18)"
1,"(0,18)","(1,17)"
1,"(1,17)","(2,13)"
1,"(2,13)","(2,18)"
1,"(2,18)","(2,14)"
2,"(0,0)","(2,0)"
2,"(2,0)","(4,12)"
2,"(4,12)","(3,12)"
2,"(3,12)","(0,13)"
2,"(0,13)","(0,17)"
3,"(0,0)","(1,4)"
3,"(1,4)","(0,5)"
3,"(0,5)","(1,13)"
3,"(1,13)","(1,13)"
3,"(1,13)","(1,6)"
4,"(0,0)","(3,6)"
4,"(3,6)","(2,10)"
4,"(2,10)","(3,1)"
4,"(3,1)","(1,12)"
4,"(1,12)","(3,10)"
5,"(0,0)","(3,15)"
5,"(3,15)","(2,5)"
5,"(2,5)","(3,0)"
5,"(3,0)","(2,8)"
5,"(2,8)","(2,12)"
6,"(0,0)","(0,9)"
6,"(0,9)","(3,11)"
6,"(3,11)","(1,5)"
6,"(1,5)","(1,0)"
6,"(1,0)","(1,13)"
7,"(0,0)","(4,3)"
7,"(4,3)","(1,8)"
7,"(1,8)","(4,14)"
7,"(4,14)","(3,5)"
7,"(3,5)","(2,15)"
8,"(0,0)","(2,9)"
8,"(2,9)","(2,7)"
8,"(2,7)","(2,16)"
8,"(2,16)","(0,7)"
8,"(0,7)","(1,6)"
9,"(0,0)","(4,2)"
9,"(4,2)","(1,16)"
9,"(1,16)","(2,0)"
9,"(2,0)","(0,17)"
9,"(0,17)","(0,1)"
10,"(0,0)","(2,12)"
10,"(2,12)","(1,18)"
10,"(1,18)","(0,11)"
10,"(0,11)","(0,19)"
10,"(0,19)","(2,4)"
11,"(0,0)","(2,8)"
11,"(2,8)","(4,13)"
11,"(4,13)","(4,0)"
11,"(4,0)","(3,5)"
11,"(3,5)","(3,0)"
12,"(0,0)","(4,4)"
12,"(4,4)","(0,5)"
12,"(0,5)","(3,17)"
12,"(3,17)","(0,12)"
12,"(0,12)","(1,15)"
13,"(0,0)","(4,8)"
13,"(4,8)","(2,17)"
13,"(2,17)","(0,5)"
13,"(0,5)","(3,9)"
13,"(3,9)","(2,10)"
14,"(0,0)","(1,6)"
14,"(1,6)","(1,4)"
14,"(1,4)","(0,18)"
14,"(0,18)","(1,18)"
14,"(1,18)","(0,13)"
15,"(0,0)","(2,4)"
15,"(2,4)","(0,19)"
15,"(0,19)","(4,13)"
15,"(4,13)","(0,7)"
15,"(0,7)","(4,17)"
16,"(0,0)","(4,0)"
16,"(4,0)","(1,1)"
16,"(1,1)","(3,4)"
16,"(3,4)","(2,5)"
16,"(2,5)","(3,15)"
17,"(0,0)","(2,17)"
17,"(2,17)","(2,6)"
17,"(2,6)","(2,19)"
17,"(2,19)","(3,18)"
17,"(3,18)","(0,0)"
18,"(0,0)","(4,0)"
18,"(4,0)","(2,10)"
18,"(2,10)","(2,11)"
18,"(2,11)","(2,13)"
18,"(2,13)","(0,15)"
19,"(0,0)","(2,19)"
19,"(2,19)","(2,1)"
19,"(2,1)","(4,16)"
19,"(4,16)","(1,14)"
19,"(1,14)","(1,8)"
20,"(0,0)","(3,5)"
20,"(3,5)","(4,1)"
20,"(4,1)","(1,19)"
20,"(1,19)","(1,12)"
20,"(1,12)","(2,17)"
21,"(0,0)","(1,6)"
21,"(1,6)","(0,2)"
21,"(0,2)","(1,17)"
21,"(1,17)","(3,17)"
21,"(3,17)","(2,3)"
22,"(0,0)","(1,10)"
22,"(1,10)","(4,16)"
22,"(4,16)","(3,15)"
22,"(3,15)","(4,6)"
22,"(4,6)","(1,2)"
23,"(0,0)","(2,1)"
23,"(2,1)","(2,5)"
23,"(2,5)","(0,3)"
23,"(0,3)","(3,13)"
23,"(3,13)","(3,7)"
24,"(0,0)","(0,0)"
24,"(0,0)","(3,14)"
24,"(3,14)","(2,2)"
24,"(2,2)","(4,2)"
24,"(4,2)","(0,17)"
25,"(0,0)","(1,6)"
25,"(1,6)","(0,10)"
25,"(0,10)","(3,6)"
25,"(3,6)","(3,12)"
25,"(3,12)","(2,18)"
26,"(0,0)","(2,5)"
26,"(2,5)","(0,8)"
26,"(0,8)","(1,12)"
26,"(1,12)","(4,1)"
26,"(4,1)","(4,12)"
27,"(0,0)","(2,1)"
27,"(2,1)","(0,11)"
27,"(0,11)","(4,0)"
27,"(4,0)","(3,18)"
27,"(3,18)","(3,18)"
28,"(0,0)","(0,12)"
28,"(0,12)","(2,14)"
28,"(2,14)","(4,13)"
28,"(4,13)","(4,5)"
28,"(4,5)","(2,13)"
29,"(0,0)","(3,9)"
29,"(3,9)","(3,12)"
29,"(3,12)","(2,2)"
29,"(2,2)","(4,7)"
29,"(4,7)","(0,2)"
30,"(0,0)","(1,17)"
30,"(1,17)","(4,17)"
30,"(4,17)","(2,14)"
30,"(2,14)","(2,7)"
30,"(2,7)","(2,15)"
31,"(0,0)","(2,13)"
31,"(2,13)","(3,1)"
31,"(3,1)","(1,4)"
31,"(1,4)","(0,8)"
31,"(0,8)","(1,8)"
32,"(0,0)","(4,1)"
32,"(4,1)","(3,15)"
32,"(3,15)","(2,9)"
32,"(2,9)","(3,3)"
32,"(3,3)","(4,15)"
33,"(0,0)","(1,6)"
33,"(1,6)","(0,17)"
33,"(0,17)","(1,10)"
33,"(1,10)","(2,8)"
33,"(2,8)","(4,19)"
34,"(0,0)","(2,2)"
34,"(2,2)","(4,12)"
34,"(4,12)","(1,13)"
34,"(1,13)","(4,2)"
34,"(4,2)","(2,15)"
35,"(0,0)","(3,13)"
35,"(3,13)","(0,3)"
35,"(0,3)","(0,18)"
35,"(0,18)","(0,15)"
35,"(0,15)","(3,1)"
36,"(0,0)","(2,1)"
36,"(2,1)","(3,13)"
36,"(3,13)","(4,2)"
36,"(4,2)","(1,8)"
36,"(1,8)","(2,13)"
37,"(0,0)","(4,5)"
37,"(4,5)","(4,0)"
37,"(4,0)","(2,17)"
37,"(2,17)","(3,0)"
37,"(3,0)","(0,3)"
38,"(0,0)","(4,6)"
38,"(4,6)","(3,5)"
38,"(3,5)","(1,8)"
38,"(1,8)","(3,8)"
38,"(3,8)","(2,3)"
39,"(0,0)","(1,10)"
39,"(1,10)","(0,4)"
39,"(0,4)","(2,6)"
39,"(2,6)","(2,10)"
39,"(2,10)","(3,0)"
40,"(0,0)","(0,7)"
40,"(0,7)","(1,5)"
40,"(1,5)","(3,10)"
40,"(3,10)","(0,3)"
40,"(0,3)","(1,2)"
41,"(0,0)","(4,10)"
41,"(4,10)","(4,15)"
41,"(4,15)","(3,2)"
41,"(3,2)","(0,10)"
41,"(0,10)","(4,7)"
42,"(0,0)","(3,1)"
42,"(3,1)","(0,15)"
42,"(0,15)","(1,0)"
42,"(1,0)","(1,6)"
42,"(1,6)","(3,8)"
43,"(0,0)","(1,10)"
43,"(1,10)","(4,13)"
43,"(4,13)","(4,18)"
43,"(4,18)","(2,5)"
43,"(2,5)","(0,8)"
44,"(0,0)","(4,17)"
44,"(4,17)","(1,7)"
44,"(1,7)","(2,7)"
44,"(2,7)","(1,14)"
44,"(1,14)","(3,15)"
45,"(0,0)","(3,17)"
45,"(3,17)","(0,17)"
45,"(0,17)","(1,5)"
45,"(1,5)","(3,5)"
45,"(3,5)","(4,18)"
46,"(0,0)","(4,1)"
46,"(4,1)","(0,6)"
46,"(0,6)","(3,0)"
46,"(3,0)","(3,9)"
46,"(3,9)","(2,2)"
47,"(0,0)","(4,12)"
47,"(4,12)","(0,15)"
47,"(0,15)","(1,0)"
47,"(1,0)","(3,9)"
47,"(3,9)","(0,11)"
48,"(0,0)","(2,19)"
48,"(2,19)","(1,8)"
48,"(1,8)","(1,6)"
48,"(1,6)","(1,6)"
48,"(1,6)","(3,1)"
49,"(0,0)","(1,3)"
49,"(1,3)","(4,8)"
49,"(4,8)","(2,17)"
49,"(2,17)","(3,2)"
49,"(3,2)","(4,10)"
50,"(0,0)","(1,14)"
50,"(1,14)","(2,1)"
50,"(2,1)","(2,13)"
50,"(2,13)","(3,10)"
50,"(3,10)","(0,11)"
51,"(0,0)","(3,17)"
51,"(3,17)","(2,16)"
51,"(2,16)","(4,3)"
51,"(4,3)","(4,17)"
51,"(4,17)","(2,10)"
52,"(0,0)","(0,10)"
52,"(0,10)","(0,5)"
52,"(0,5)","(4,1)"
52,"(4,1)","(0,7)"
52,"(0,7)","(1,4)"
53,"(0,0)","(1,12)"
53,"(1,12)","(2,9)"
53,"(2,9)","(1,2)"
53,"(1,2)","(3,19)"
53,"(3,19)","(4,15)"
54,"(0,0)","(0,8)"
54,"(0,8)","(4,11)"
54,"(4,11)","(1,15)"
54,"(1,15)","(1,6)"
54,"(1,6)","(3,4)"
55,"(0,0)","(0,17)"
55,"(0,17)","(1,17)"
55,"(1,17)","(2,5)"
55,"(2,5)","(4,8)"
55,"(4,8)","(2,15)"
56,"(0,0)","(2,14)"
56,"(2,14)","(1,16)"
56,"(1,16)","(1,9)"
56,"(1,9)","(0,15)"
56,"(0,15)","(4,4)"
57,"(0,0)","(3,9)"
57,"(3,9)","(4,13)"
57,"(4,13)","(1,0)"
57,"(1,0)","(4,2)"
57,"(4,2)","(2,1)"
58,"(0,0)","(0,8)"
58,"(0,8)","(2,4)"
58,"(2,4)","(0,5)"
58,"(0,5)","(0,7)"
58,"(0,7)","(0,11)"
59,"(0,0)","(2,3)"
59,"(2,3)","(1,8)"
59,"(1,8)","(0,7)"
59,"(0,7)","(0,5)"
59,"(0,5)","(2,2)"
60,"(0,0)","(2,1)"
60,"(2,1)","(1,17)"
60,"(1,17)","(4,15)"
60,"(4,15)","(1,8)"
60,"(1,8)","(2,3)"
61,"(0,0)","(3,16)"
61,"(3,16)","(1,18)"
61,"(1,18)","(1,2)"
61,"(1,2)","(2,2)"
61,"(2,2)","(1,18)"
62,"(0,0)","(3,2)"
62,"(3,2)","(2,3)"
62,"(2,3)","(2,14)"
62,"(2,14)","(2,10)"
62,"(2,10)","(4,6)"
63,"(0,0)","(1,11)"
63,"(1,11)","(4,7)"
63,"(4,7)","(2,9)"
63,"(2,9)","(3,11)"
63,"(3,11)","(0,7)"
64,"(0,0)","(4,19)"
64,"(4,19)","(0,3)"
64,"(0,3)","(4,9)"
64,"(4,9)","(2,17)"
64,"(2,17)","(2,14)"
65,"(0,0)","(3,15)"
65,"(3,15)","(4,17)"
65,"(4,17)","(1,1)"
65,"(1,1)","(3,15)"
65,"(3,15)","(0,14)"
66,"(0,0)","(0,16)"
66,"(0,16)","(3,15)"
66,"(3,15)","(0,19)"
66,"(0,19)","(1,7)"
66,"(1,7)","(0,15)"
67,"(0,0)","(2,16)"
67,"(2,16)","(0,17)"
67,"(0,17)","(2,7)"
67,"(2,7)","(2,3)"
67,"(2,3)","(4,15)"
68,"(0,0)","(2,8)"
68,"(2,8)","(0,6)"
68,"(0,6)","(3,1)"
68,"(3,1)","(3,9)"
68,"(3,9)","(0,15)"
69,"(0,0)","(4,18)"
69,"(4,18)","(2,9)"
69,"(2,9)","(4,1)"
69,"(4,1)","(3,4)"
69,"(3,4)","(0,3)"
70,"(0,0)","(0,4)"
70,"(0,4)","(3,5)"
70,"(3,5)","(2,12)"
70,"(2,12)","(4,15)"
70,"(4,15)","(4,9)"
71,"(0,0)","(4,18)"
71,"(4,18)","(1,6)"
71,"(1,6)","(3,18)"
71,"(3,18)","(2,19)"
71,"(2,19)","(0,15)"
72,"(0,0)","(1,18)"
72,"(1,18)","(0,19)"
72,"(0,19)","(1,12)"
72,"(1,12)","(0,8)"
72,"(0,8)","(2,15)"
73,"(0,0)","(4,12)"
73,"(4,12)","(4,8)"
73,"(4,8)","(4,14)"
73,"(4,14)","(0,8)"
73,"(0,8)","(2,15)"
74,"(0,0)","(4,19)"
74,"(4,19)","(1,12)"
74,"(1,12)","(1,17)"
74,"(1,17)","(0,15)"
74,"(0,15)","(1,1)"
75,"(0,0)","(4,13)"
75,"(4,13)","(3,19)"
75,"(3,19)","(2,16)"
75,"(2,16)","(4,18)"
75,"(4,18)","(3,15)"
76,"(0,0)","(1,4)"
76,"(1,4)","(0,15)"
76,"(0,15)","(2,5)"
76,"(2,5)","(3,11)"
76,"(3,11)","(0,0)"
77,"(0,0)","(0,11)"
77,"(0,11)","(4,7)"
77,"(4,7)","(4,7)"
77,"(4,7)","(2,14)"
77,"(2,14)","(3,5)"
78,"(0,0)","(3,12)"
78,"(3,12)","(2,6)"
78,"(2,6)","(4,12)"
78,"(4,12)","(4,11)"
78,"(4,11)","(2,5)"
79,"(0,0)","(3,18)"
79,"(3,18)","(2,18)"
79,"(2,18)","(3,13)"
79,"(3,13)","(3,13)"
79,"(3,13)","(3,15)"
80,"(0,0)","(0,4)"
80,"(0,4)","(1,3)"
80,"(1,3)","(2,7)"
80,"(2,7)","(1,16)"
80,"(1,16)","(4,8)"
81,"(0,0)","(4,10)"
81,"(4,10)","(1,10)"
81,"(1,10)","(3,5)"
81,"(3,5)","(4,18)"
81,"(4,18)","(3,12)"
82,"(0,0)","(4,2)"
82,"(4,2)","(2,1)"
82,"(2,1)","(1,19)"
82,"(1,19)","(3,1)"
82,"(3,1)","(4,18)"
83,"(0,0)","(3,19)"
83,"(3,19)","(2,1)"
83,"(2,1)","(0,15)"
83,"(0,15)","(4,10)"
83,"(4,10)","(3,13)"
84,"(0,0)","(1,11)"
84,"(1,11)","(2,15)"
84,"(2,15)","(3,3)"
84,"(3,3)","(2,4)"
84,"(2,4)","(4,9)"
85,"(0,0)","(4,14)"
85,"(4,14)","(0,12)"
85,"(0,12)","(3,7)"
85,"(3,7)","(2,1)"
85,"(2,1)","(3,17)"
86,"(0,0)","(0,14)"
86,"(0,14)","(2,15)"
86,"(2,15)","(4,1)"
86,"(4,1)","(4,2)"
86,"(4,2)","(2,12)"
87,"(0,0)","(2,1)"
87,"(2,1)","(4,17)"
87,"(4,17)","(1,4)"
87,"(1,4)","(1,16)"
87,"(1,16)","(3,7)"
88,"(0,0)","(2,14)"
88,"(2,14)","(1,5)"
88,"(1,5)","(3,2)"
88,"(3,2)","(4,0)"
88,"(4,0)","(2,19)"
89,"(0,0)","(0,1)"
89,"(0,1)","(3,7)"
89,"(3,7)","(1,4)"
89,"(1,4)","(2,18)"
89,"(2,18)","(0,4)"
90,"(0,0)","(2,0)"
90,"(2,0)","(2,11)"
90,"(2,11)","(4,1)"
90,"(4,1)","(3,2)"
90,"(3,2)","(3,13)"
91,"(0,0)","(1,14)"
91,"(1,14)","(4,18)"
91,"(4,18)","(3,16)"
91,"(3,16)","(3,9)"
91,"(3,9)","(0,3)"
92,"(0,0)","(1,16)"
92,"(1,16)","(1,5)"
92,"(1,5)","(2,3)"
92,"(2,3)","(3,3)"
92,"(3,3)","(4,10)"
93,"(0,0)","(0,6)"
93,"(0,6)","(4,14)"
93,"(4,14)","(0,14)"
93,"(0,14)","(0,10)"
93,"(0,10)","(2,12)"
94,"(0,0)","(0,19)"
94,"(0,19)","(2,5)"
94,"(2,5)","(4,16)"
94,"(4,16)","(1,7)"
94,"(1,7)","(1,11)"
95,"(0,0)","(2,18)"
95,"(2,18)","(0,11)"
95,"(0,11)","(3,8)"
95,"(3,8)","(0,6)"
95,"(0,6)","(4,12)"
96,"(0,0)","(0,9)"
96,"(0,9)","(0,18)"
96,"(0,18)","(4,18)"
96,"(4,18)","(1,8)"
96,"(1,8)","(1,1)"
97,"(0,0)","(0,2)"
97,"(0,2)","(1,14)"
97,"(1,14)","(1,12)"
97,"(1,12)","(3,4)"
97,"(3,4)","(2,11)"
98,"(0,0)","(1,7)"
98,"(1,7)","(0,18)"
98,"(0,18)","(2,12)"
98,"(2,12)","(1,3)"
98,"(1,3)","(4,2)"
99,"(0,0)","(1,11)"
99,"(1,11)","(0,10)"
99,"(0,10)","(2,16)"
99,"(2,16)","(4,1)"
99,"(4,1)","(0,12)"
100,"(0,0)","(1,9)"
100,"(1,9)","(3,2)"
100,"(3,2)","(1,15)"
100,"(1,15)","(1,17)"
100,"(1,17)","(3,5)"
101,"(0,0)","(3,10)"
101,"(3,10)","(3,18)"
101,"(3,18)","(3,14)"
101,"(3,14)","(4,8)"
101,"(4,8)","(4,18)"
102,"(0,0)","(0,13)"
102,"(0,13)","(3,16)"
102,"(3,16)","(1,3)"
102,"(1,3)","(0,18)"
102,"(0,18)","(0,7)"
103,"(0,0)","(3,7)"
103,"(3,7)","(3,9)"
103,"(3,9)","(2,12)"
103,"(2,12)","(0,9)"
103,"(0,9)","(3,14)"
104,"(0,0)","(1,6)"
104,"(1,6)","(4,7)"
104,"(4,7)","(4,18)"
104,"(4,18)","(4,13)"
104,"(4,13)","(0,3)"
105,"(0,0)","(1,4)"
105,"(1,4)","(3,3)"
105,"(3,3)","(3,8)"
105,"(3,8)","(3,16)"
105,"(3,16)","(1,8)"
106,"(0,0)","(0,5)"
106,"(0,5)","(0,14)"
106,"(0,14)","(4,10)"
106,"(4,10)","(4,10)"
106,"(4,10)","(3,13)"
107,"(0,0)","(0,9)"
107,"(0,9)","(3,1)"
107,"(3,1)","(0,15)"
107,"(0,15)","(4,3)"
107,"(4,3)","(3,6)"
108,"(0,0)","(2,6)"
108,"(2,6)","(0,4)"
108,"(0,4)","(2,12)"
108,"(2,12)","(4,0)"
108,"(4,0)","(3,6)"
109,"(0,0)","(1,5)"
109,"(1,5)","(0,0)"
109,"(0,0)","(3,1)"
109,"(3,1)","(0,4)"
109,"(0,4)","(1,4)"
110,"(0,0)","(4,13)"
110,"(4,13)","(3,14)"
110,"(3,14)","(2,17)"
110,"(2,17)","(3,18)"
110,"(3,18)","(1,4)"
111,"(0,0)","(0,1)"
111,"(0,1)","(3,4)"
111,"(3,4)","(2,7)"
111,"(2,7)","(3,18)"
111,"(3,18)","(3,0)"
112,"(0,0)","(0,19)"
112,"(0,19)","(4,1)"
112,"(4,1)","(0,13)"
112,"(0,13)","(3,10)"
112,"(3,10)","(4,19)"
113,"(0,0)","(1,5)"
113,"(1,5)","(4,0)"
113,"(4,0)","(4,11)"
113,"(4,11)","(2,18)"
113,"(2,18)","(4,5)"
114,"(0,0)","(4,19)"
114,"(4,19)","(3,7)"
114,"(3,7)","(4,18)"
114,"(4,18)","(2,1)"
114,"(2,1)","(3,6)"
115,"(0,0)","(0,7)"
115,"(0,7)","(3,7)"
115,"(3,7)","(0,0)"
115,"(0,0)","(3,1)"
115,"(3,1)","(2,15)"
116,"(0,0)","(1,17)"
116,"(1,17)","(4,11)"
116,"(4,11)","(4,17)"
116,"(4,17)","(4,1)"
116,"(4,1)","(3,4)"
117,"(0,0)","(0,19)"
117,"(0,19)","(1,8)"
117,"(1,8)","(4,5)"
117,"(4,5)","(1,13)"
117,"(1,13)","(4,7)"
118,"(0,0)","(1,11)"
118,"(1,11)","(0,12)"
118,"(0,12)","(2,0)"
118,"(2,0)","(0,18)"
118,"(0,18)","(4,16)"
119,"(0,0)","(3,15)"
119,"(3,15)","(1,9)"
119,"(1,9)","(1,2)"
119,"(1,2)","(0,12)"
119,"(0,12)","(2,8)"
120,"(0,0)","(1,12)"
120,"(1,12)","(2,18)"
120,"(2,18)","(0,0)"
120,"(0,0)","(3,9)"
120,"(3,9)","(4,13)"
121,"(0,0)","(4,2)"
121,"(4,2)","(1,0)"
121,"(1,0)","(3,6)"
121,"(3,6)","(1,11)"
121,"(1,11)","(3,8)"
122,"(0,0)","(2,5)"
122,"(2,5)","(0,2)"
122,"(0,2)","(2,13)"
122,"(2,13)","(4,3)"
122,"(4,3)","(4,4)"
123,"(0,0)","(3,13)"
123,"(3,13)","(3,3)"
123,"(3,3)","(1,4)"
123,"(1,4)","(0,6)"
123,"(0,6)","(2,2)"
124,"(0,0)","(3,18)"
124,"(3,18)","(4,7)"
124,"(4,7)","(3,10)"
124,"(3,10)","(4,11)"
124,"(4,11)","(4,18)"
125,"(0,0)","(1,6)"
125,"(1,6)","(3,6)"
125,"(3,6)","(0,0)"
125,"(0,0)","(4,7)"
125,"(4,7)","(0,13)"
126,"(0,0)","(2,2)"
126,"(2,2)","(0,0)"
126,"(0,0)","(4,7)"
126,"(4,7)","(1,12)"
126,"(1,12)","(0,15)"
127,"(0,0)","(2,4)"
127,"(2,4)","(0,5)"
127,"(0,5)","(3,12)"
127,"(3,12)","(4,0)"
127,"(4,0)","(3,16)"
128,"(0,0)","(3,14)"
128,"(3,14)","(1,3)"
128,"(1,3)","(4,15)"
128,"(4,15)","(0,17)"
128,"(0,17)","(2,5)"
129,"(0,0)","(1,8)"
129,"(1,8)","(1,1)"
129,"(1,1)","(1,9)"
129,"(1,9)","(2,4)"
129,"(2,4)","(4,0)"
130,"(0,0)","(1,19)"
130,"(1,19)","(3,2)"
130,"(3,2)","(1,6)"
130,"(1,6)","(4,17)"
130,"(4,17)","(2,10)"
131,"(0,0)","(4,14)"
131,"(4,14)","(0,6)"
131,"(0,6)","(0,9)"
131,"(0,9)","(2,6)"
131,"(2,6)","(1,10)"
132,"(0,0)","(1,14)"
132,"(1,14)","(4,3)"
132,"(4,3)","(1,9)"
132,"(1,9)","(3,17)"
132,"(3,17)","(3,12)"
133,"(0,0)","(2,19)"
133,"(2,19)","(2,14)"
133,"(2,14)","(4,5)"
133,"(4,5)","(3,19)"
133,"(3,19)","(0,19)"
134,"(0,0)","(4,15)"
134,"(4,15)","(0,19)"
134,"(0,19)","(4,7)"
134,"(4,7)","(0,17)"
134,"(0,17)","(2,6)"
135,"(0,0)","(0,16)"
135,"(0,16)","(0,2)"
135,"(0,2)","(3,0)"
135,"(3,0)","(1,11)"
135,"(1,11)","(3,0)"
136,"(0,0)","(3,8)"
136,"(3,8)","(1,11)"
136,"(1,11)","(3,2)"
136,"(3,2)","(2,7)"
136,"(2,7)","(4,4)"
137,"(0,0)","(4,1)"
137,"(4,1)","(1,3)"
137,"(1,3)","(2,1)"
137,"(2,1)","(1,16)"
137,"(1,16)","(2,3)"
138,"(0,0)","(1,14)"
138,"(1,14)","(1,13)"
138,"(1,13)","(0,18)"
138,"(0,18)","(3,19)"
138,"(3,19)","(4,3)"
139,"(0,0)","(3,16)"
139,"(3,16)","(1,13)"
139,"(1,13)","(4,18)"
139,"(4,18)","(3,19)"
139,"(3,19)","(2,7)"
140,"(0,0)","(4,9)"
140,"(4,9)","(0,19)"
140,"(0,19)","(0,2)"
140,"(0,2)","(4,15)"
140,"(4,15)","(3,15)"
141,"(0,0)","(1,0)"
141,"(1,0)","(4,13)"
141,"(4,13)","(1,4)"
141,"(1,4)","(1,6)"
141,"(1,6)","(1,6)"
142,"(0,0)","(3,9)"
142,"(3,9)","(4,19)"
142,"(4,19)","(4,15)"
142,"(4,15)","(2,11)"
142,"(2,11)","(0,0)"
143,"(0,0)","(3,4)"
143,"(3,4)","(3,9)"
143,"(3,9)","(3,14)"
143,"(3,14)","(0,19)"
143,"(0,19)","(1,16)"
144,"(0,0)","(0,9)"
144,"(0,9)","(2,13)"
144,"(2,13)","(3,12)"
144,"(3,12)","(2,19)"
144,"(2,19)","(0,13)"
145,"(0,0)","(3,9)"
145,"(3,9)","(4,1)"
145,"(4,1)","(0,10)"
145,"(0,10)","(0,19)"
145,"(0,19)","(2,11)"
146,"(0,0)","(4,2)"
146,"(4,2)","(4,5)"
146,"(4,5)","(1,0)"
146,"(1,0)","(4,14)"
146,"(4,14)","(0,15)"
147,"(0,0)","(2,1)"
147,"(2,1)","(1,17)"
147,"(1,17)","(1,16)"
147,"(1,16)","(4,6)"
147,"(4,6)","(1,1)"
148,"(0,0)","(4,13)"
148,"(4,13)","(4,9)"
148,"(4,9)","(1,5)"
148,"(1,5)","(0,18)"
148,"(0,18)","(0,0)"
149,"(0,0)","(0,10)"
149,"(0,10)","(0,7)"
149,"(0,7)","(4,16)"
149,"(4,16)","(3,6)"
149,"(3,6)","(2,0)"
150,"(0,0)","(2,11)"
150,"(2,11)","(2,10)"
150,"(2,10)","(3,1)"
150,"(3,1)","(1,5)"
150,"(1,5)","(1,4)"
151,"(0,0)","(4,3)"
151,"(4,3)","(2,16)"
151,"(2,16)","(3,1)"
151,"(3,1)","(0,18)"
151,"(0,18)","(2,7)"
152,"(0,0)","(1,12)"
152,"(1,12)","(2,19)"
152,"(2,19)","(2,18)"
152,"(2,18)","(0,1)"
152,"(0,1)","(0,14)"
153,"(0,0)","(3,18)"
153,"(3,18)","(0,8)"
153,"(0,8)","(3,15)"
153,"(3,15)","(4,5)"
153,"(4,5)","(3,10)"
154,"(0,0)","(1,18)"
154,"(1,18)","(2,4)"
154,"(2,4)","(4,17)"
154,"(4,17)","(4,16)"
154,"(4,16)","(2,15)"
155,"(0,0)","(4,13)"
155,"(4,13)","(4,0)"
155,"(4,0)","(3,16)"
155,"(3,16)","(0,10)"
155,"(0,10)","(1,4)"
156,"(0,0)","(0,17)"
156,"(0,17)","(2,14)"
156,"(2,14)","(4,1)"
156,"(4,1)","(3,3)"
156,"(3,3)","(0,13)"
157,"(0,0)","(2,7)"
157,"(2,7)","(0,8)"
157,"(0,8)","(4,18)"
157,"(4,18)","(3,11)"
157,"(3,11)","(0,11)"
158,"(0,0)","(2,10)"
158,"(2,10)","(1,14)"
158,"(1,14)","(1,3)"
158,"(1,3)","(2,14)"
158,"(2,14)","(2,14)"
159,"(0,0)","(2,3)"
159,"(2,3)","(1,2)"
159,"(1,2)","(2,11)"
159,"(2,11)","(2,17)"
159,"(2,17)","(1,4)"
160,"(0,0)","(1,7)"
160,"(1,7)","(1,4)"
160,"(1,4)","(3,9)"
160,"(3,9)","(2,0)"
160,"(2,0)","(2,18)"
161,"(0,0)","(1,12)"
161,"(1,12)","(3,18)"
161,"(3,18)","(0,15)"
161,"(0,15)","(1,2)"
161,"(1,2)","(0,19)"
162,"(0,0)","(0,7)"
162,"(0,7)","(4,7)"
162,"(4,7)","(4,15)"
162,"(4,15)","(2,1)"
162,"(2,1)","(0,14)"
163,"(0,0)","(4,7)"
163,"(4,7)","(0,4)"
163,"(0,4)","(3,2)"
163,"(3,2)","(3,8)"
163,"(3,8)","(1,18)"
164,"(0,0)","(4,17)"
164,"(4,17)","(4,12)"
164,"(4,12)","(0,9)"
164,"(0,9)","(3,16)"
164,"(3,16)","(3,12)"
165,"(0,0)","(4,2)"
165,"(4,2)","(2,8)"
165,"(2,8)","(4,9)"
165,"(4,9)","(4,6)"
165,"(4,6)","(2,0)"
166,"(0,0)","(0,14)"
166,"(0,14)","(3,13)"
166,"(3,13)","(4,7)"
166,"(4,7)","(2,0)"
166,"(2,0)","(0,13)"
167,"(0,0)","(4,18)"
167,"(4,18)","(2,5)"
167,"(2,5)","(4,15)"
167,"(4,15)","(0,7)"
167,"(0,7)","(1,19)"
168,"(0,0)","(4,15)"
168,"(4,15)","(0,16)"
168,"(0,16)","(4,9)"
168,"(4,9)","(3,15)"
168,"(3,15)","(3,10)"
169,"(0,0)","(4,1)"
169,"(4,1)","(2,15)"
169,"(2,15)","(4,18)"
169,"(4,18)","(1,2)"
169,"(1,2)","(0,4)"
170,"(0,0)","(1,7)"
170,"(1,7)","(3,9)"
170,"(3,9)","(3,3)"
170,"(3,3)","(0,5)"
170,"(0,5)","(4,8)"
171,"(0,0)","(2,13)"
171,"(2,13)","(4,13)"
171,"(4,13)","(1,17)"
171,"(1,17)","(2,14)"
171,"(2,14)","(4,15)"
172,"(0,0)","(1,10)"
172,"(1,10)","(1,8)"
172,"(1,8)","(0,6)"
172,"(0,6)","(0,14)"
172,"(0,14)","(4,10)"
173,"(0,0)","(0,16)"
173,"(0,16)","(3,19)"
173,"(3,19)","(4,9)"
173,"(4,9)","(1,5)"
173,"(1,5)","(4,14)"
174,"(0,0)","(1,0)"
174,"(1,0)","(4,1)"
174,"(4,1)","(0,13)"
174,"(0,13)","(0,5)"
174,"(0,5)","(2,0)"
175,"(0,0)","(3,19)"
175,"(3,19)","(1,18)"
175,"(1,18)","(3,4)"
175,"(3,4)","(2,5)"
175,"(2,5)","(0,3)"
176,"(0,0)","(2,3)"
176,"(2,3)","(2,1)"
176,"(2,1)","(3,5)"
176,"(3,5)","(1,8)"
176,"(1,8)","(0,3)"
177,"(0,0)","(4,15)"
177,"(4,15)","(1,15)"
177,"(1,15)","(1,7)"
177,"(1,7)","(4,2)"
177,"(4,2)","(4,9)"
178,"(0,0)","(0,16)"
178,"(0,16)","(2,5)"
178,"(2,5)","(0,2)"
178,"(0,2)","(2,0)"
178,"(2,0)","(3,13)"
179,"(0,0)","(4,4)"
179,"(4,4)","(4,17)"
179,"(4,17)","(2,4)"
179,"(2,4)","(3,14)"
179,"(3,14)","(4,13)"
180,"(0,0)","(4,17)"
180,"(4,17)","(0,1)"
180,"(0,1)","(0,10)"
180,"(0,10)","(3,6)"
180,"(3,6)","(1,7)"
181,"(0,0)","(0,17)"
181,"(0,17)","(0,3)"
181,"(0,3)","(1,15)"
181,"(1,15)","(4,4)"
181,"(4,4)","(4,15)"
182,"(0,0)","(1,5)"
182,"(1,5)","(4,0)"
182,"(4,0)","(0,18)"
182,"(0,18)","(4,1)"
182,"(4,1)","(0,9)"
183,"(0,0)","(0,12)"
183,"(0,12)","(3,12)"
183,"(3,12)","(2,3)"
183,"(2,3)","(0,1)"
183,"(0,1)","(1,18)"
184,"(0,0)","(4,7)"
184,"(4,7)","(2,5)"
184,"(2,5)","(3,19)"
184,"(3,19)","(4,7)"
184,"(4,7)","(0,8)"
185,"(0,0)","(2,10)"
185,"(2,10)","(3,11)"
185,"(3,11)","(1,2)"
185,"(1,2)","(0,15)"
185,"(0,15)","(2,7)"
186,"(0,0)","(4,0)"
186,"(4,0)","(4,12)"
186,"(4,12)","(4,12)"
186,"(4,12)","(4,17)"
186,"(4,17)","(3,3)"
187,"(0,0)","(0,8)"
187,"(0,8)","(2,11)"
187,"(2,11)","(4,16)"
187,"(4,16)","(1,10)"
187,"(1,10)","(0,9)"
188,"(0,0)","(3,13)"
188,"(3,13)","(0,4)"
188,"(0,4)","(4,3)"
188,"(4,3)","(0,10)"
188,"(0,10)","(4,4)"
189,"(0,0)","(2,17)"
189,"(2,17)","(2,4)"
189,"(2,4)","(0,4)"
189,"(0,4)","(4,11)"
189,"(4,11)","(1,9)"
190,"(0,0)","(4,8)"
190,"(4,8)","(4,12)"
190,"(4,12)","(2,10)"
190,"(2,10)","(4,4)"
190,"(4,4)","(4,10)"
191,"(0,0)","(0,14)"
191,"(0,14)","(0,11)"
191,"(0,11)","(3,5)"
191,"(3,5)","(2,17)"
191,"(2,17)","(1,10)"
192,"(0,0)","(0,19)"
192,"(0,19)","(2,18)"
192,"(2,18)","(1,15)"
192,"(1,15)","(0,15)"
192,"(0,15)","(0,15)"
193,"(0,0)","(4,14)"
193,"(4,14)","(0,4)"
193,"(0,4)","(4,7)"
193,"(4,7)","(3,17)"
193,"(3,17)","(4,16)"
194,"(0,0)","(4,11)"
194,"(4,11)","(2,0)"
194,"(2,0)","(1,17)"
194,"(1,17)","(4,6)"
194,"(4,6)","(4,3)"
195,"(0,0)","(4,8)"
195,"(4,8)","(1,3)"
195,"(1,3)","(4,16)"
195,"(4,16)","(2,10)"
195,"(2,10)","(3,8)"
196,"(0,0)","(4,11)"
196,"(4,11)","(4,0)"
196,"(4,0)","(1,1)"
196,"(1,1)","(4,9)"
196,"(4,9)","(3,19)"
197,"(0,0)","(4,13)"
197,"(4,13)","(3,5)"
197,"(3,5)","(0,10)"
197,"(0,10)","(3,8)"
197,"(3,8)","(4,2)"
198,"(0,0)","(0,15)"
198,"(0,15)","(1,10)"
198,"(1,10)","(1,8)"
198,"(1,8)","(1,16)"
198,"(1,16)","(3,2)"
199,"(0,0)","(4,0)"
199,"(4,0)","(0,13)"
199,"(0,13)","(4,15)"
199,"(4,15)","(0,13)"
199,"(0,13)","(2,18)"
200,"(0,0)","(4,3)"
200,"(4,3)","(1,13)"
200,"(1,13)","(2,4)"
200,"(2,4)","(3,5)"
200,"(3,5)","(3,7)"
201,"(0,0)","(3,9)"
201,"(3,9)","(2,5)"
201,"(2,5)","(0,2)"
201,"(0,2)","(2,19)"
201,"(2,19)","(0,15)"
202,"(0,0)","(0,12)"
202,"(0,12)","(2,2)"
202,"(2,2)","(2,2)"
202,"(2,2)","(1,14)"
202,"(1,14)","(3,17)"
203,"(0,0)","(0,5)"
203,"(0,5)","(3,14)"
203,"(3,14)","(3,1)"
203,"(3,1)","(0,9)"
203,"(0,9)","(2,1)"
204,"(0,0)","(1,17)"
204,"(1,17)","(1,16)"
204,"(1,16)","(1,15)"
204,"(1,15)","(0,7)"
204,"(0,7)","(2,19)"
205,"(0,0)","(3,18)"
205,"(3,18)","(1,5)"
205,"(1,5)","(3,9)"
205,"(3,9)","(2,0)"
205,"(2,0)","(1,14)"
206,"(0,0)","(0,19)"
206,"(0,19)","(2,12)"
206,"(2,12)","(1,18)"
206,"(1,18)","(4,10)"
206,"(4,10)","(1,15)"
207,"(0,0)","(3,16)"
207,"(3,16)","(2,5)"
207,"(2,5)","(2,12)"
207,"(2,12)","(3,5)"
207,"(3,5)","(3,8)"
208,"(0,0)","(0,8)"
208,"(0,8)","(3,14)"
208,"(3,14)","(2,12)"
208,"(2,12)","(3,11)"
208,"(3,11)","(4,5)"
209,"(0,0)","(0,0)"
209,"(0,0)","(2,5)"
209,"(2,5)","(3,3)"
209,"(3,3)","(4,13)"
209,"(4,13)","(0,5)"
210,"(0,0)","(2,17)"
210,"(2,17)","(2,13)"
210,"(2,13)","(2,16)"
210,"(2,16)","(3,5)"
210,"(3,5)","(2,9)"
211,"(0,0)","(4,12)"
211,"(4,12)","(2,7)"
211,"(2,7)","(3,12)"
211,"(3,12)","(2,16)"
211,"(2,16)","(1,2)"
212,"(0,0)","(0,7)"
212,"(0,7)","(2,9)"
212,"(2,9)","(0,0)"
212,"(0,0)","(3,14)"
212,"(3,14)","(4,1)"
213,"(0,0)","(4,15)"
213,"(4,15)","(3,3)"
213,"(3,3)","(0,1)"
213,"(0,1)","(4,12)"
213,"(4,12)","(3,0)"
214,"(0,0)","(2,6)"
214,"(2,6)","(0,18)"
214,"(0,18)","(3,14)"
214,"(3,14)","(4,13)"
214,"(4,13)","(4,14)"
215,"(0,0)","(3,6)"
215,"(3,6)","(3,15)"
215,"(3,15)","(3,5)"
215,"(3,5)","(0,17)"
215,"(0,17)","(2,16)"
216,"(0,0)","(2,0)"
216,"(2,0)","(1,2)"
216,"(1,2)","(4,11)"
216,"(4,11)","(3,3)"
216,"(3,3)","(2,0)"
217,"(0,0)","(1,18)"
217,"(1,18)","(2,16)"
217,"(2,16)","(4,10)"
217,"(4,10)","(4,12)"
217,"(4,12)","(0,0)"
218,"(0,0)","(2,5)"
218,"(2,5)","(0,8)"
218,"(0,8)","(4,12)"
218,"(4,12)","(1,2)"
218,"(1,2)","(0,11)"
219,"(0,0)","(2,9)"
219,"(2,9)","(3,8)"
219,"(3,8)","(4,16)"
219,"(4,16)","(1,17)"
219,"(1,17)","(1,17)"
220,"(0,0)","(0,12)"
220,"(0,12)","(0,5)"
220,"(0,5)","(3,6)"
220,"(3,6)","(2,6)"
220,"(2,6)","(2,6)"
221,"(0,0)","(0,6)"
221,"(0,6)","(4,0)"
221,"(4,0)","(1,10)"
221,"(1,10)","(1,19)"
221,"(1,19)","(4,14)"
222,"(0,0)","(1,15)"
222,"(1,15)","(1,18)"
222,"(1,18)","(2,2)"
222,"(2,2)","(2,2)"
222,"(2,2)","(3,2)"
223,"(0,0)","(2,14)"
223,"(2,14)","(0,7)"
223,"(0,7)","(2,11)"
223,"(2,11)","(2,18)"
223,"(2,18)","(1,13)"
224,"(0,0)","(2,18)"
224,"(2,18)","(2,10)"
224,"(2,10)","(0,17)"
224,"(0,17)","(0,3)"
224,"(0,3)","(3,13)"
225,"(0,0)","(1,16)"
225,"(1,16)","(2,18)"
225,"(2,18)","(0,17)"
225,"(0,17)","(4,10)"
225,"(4,10)","(0,17)"
226,"(0,0)","(2,10)"
226,"(2,10)","(4,8)"
226,"(4,8)","(3,18)"
226,"(3,18)","(1,19)"
226,"(1,19)","(0,9)"
227,"(0,0)","(0,15)"
227,"(0,15)","(0,5)"
227,"(0,5)","(2,4)"
227,"(2,4)","(1,2)"
227,"(1,2)","(0,17)"
228,"(0,0)","(3,18)"
228,"(3,18)","(3,8)"
228,"(3,8)","(2,13)"
228,"(2,13)","(0,19)"
228,"(0,19)","(1,17)"
229,"(0,0)","(1,12)"
229,"(1,12)","(0,15)"
229,"(0,15)","(0,14)"
229,"(0,14)","(3,3)"
229,"(3,3)","(1,5)"
230,"(0,0)","(1,8)"
230,"(1,8)","(2,13)"
230,"(2,13)","(3,7)"
230,"(3,7)","(4,15)"
230,"(4,15)","(0,11)"
231,"(0,0)","(1,16)"
231,"(1,16)","(2,12)"
231,"(2,12)","(2,8)"
231,"(2,8)","(0,3)"
231,"(0,3)","(3,13)"
232,"(0,0)","(2,11)"
232,"(2,11)","(1,19)"
232,"(1,19)","(4,18)"
232,"(4,18)","(2,18)"
232,"(2,18)","(0,16)"
233,"(0,0)","(0,10)"
233,"(0,10)","(3,9)"
233,"(3,9)","(3,16)"
233,"(3,16)","(3,11)"
233,"(3,11)","(2,14)"
234,"(0,0)","(2,1)"
234,"(2,1)","(3,2)"
234,"(3,2)","(1,13)"
234,"(1,13)","(3,3)"
234,"(3,3)","(3,14)"
235,"(0,0)","(0,4)"
235,"(0,4)","(2,18)"
235,"(2,18)","(2,5)"
235,"(2,5)","(2,6)"
235,"(2,6)","(1,17)"
236,"(0,0)","(1,15)"
236,"(1,15)","(3,15)"
236,"(3,15)","(0,14)"
236,"(0,14)","(1,3)"
236,"(1,3)","(0,14)"
237,"(0,0)","(0,18)"
237,"(0,18)","(3,0)"
237,"(3,0)","(1,12)"
237,"(1,12)","(0,11)"
237,"(0,11)","(1,2)"
238,"(0,0)","(1,11)"
238,"(1,11)","(2,10)"
238,"(2,10)","(0,19)"
238,"(0,19)","(4,4)"
238,"(4,4)","(1,0)"
239,"(0,0)","(1,2)"
239,"(1,2)","(1,11)"
239,"(1,11)","(2,11)"
239,"(2,11)","(1,8)"
239,"(1,8)","(3,14)"
240,"(0,0)","(1,18)"
240,"(1,18)","(4,7)"
240,"(4,7)","(4,6)"
240,"(4,6)","(3,5)"
240,"(3,5)","(0,0)"
241,"(0,0)","(1,13)"
241,"(1,13)","(0,9)"
241,"(0,9)","(1,17)"
241,"(1,17)","(4,9)"
241,"(4,9)","(0,10)"
242,"(0,0)","(3,4)"
242,"(3,4)","(1,4)"
242,"(1,4)","(0,6)"
242,"(0,6)","(1,16)"
242,"(1,16)","(4,5)"
243,"(0,0)","(0,10)"
243,"(0,10)","(3,19)"
243,"(3,19)","(3,8)"
243,"(3,8)","(1,13)"
243,"(1,13)","(1,1)"
244,"(0,0)","(3,7)"
244,"(3,7)","(2,5)"
244,"(2,5)","(1,11)"
244,"(1,11)","(3,0)"
244,"(3,0)","(3,10)"
245,"(0,0)","(2,11)"
245,"(2,11)","(4,10)"
245,"(4,10)","(3,6)"
245,"(3,6)","(0,1)"
245,"(0,1)","(1,18)"
246,"(0,0)","(3,17)"
246,"(3,17)","(0,2)"
246,"(0,2)","(0,4)"
246,"(0,4)","(4,9)"
246,"(4,9)","(4,9)"
247,"(0,0)","(4,10)"
247,"(4,10)","(4,19)"
247,"(4,19)","(1,3)"
247,"(1,3)","(0,0)"
247,"(0,0)","(3,3)"
248,"(0,0)","(1,12)"
248,"(1,12)","(1,15)"
248,"(1,15)","(1,1)"
248,"(1,1)","(1,0)"
248,"(1,0)","(3,2)"
249,"(0,0)","(2,18)"
249,"(2,18)","(3,14)"
249,"(3,14)","(1,12)"
249,"(1,12)","(1,18)"
249,"(1,18)","(0,0)"
250,"(0,0)","(2,8)"
250,"(2,8)","(2,17)"
250,"(2,17)","(3,11)"
250,"(3,11)","(2,2)"
250,"(2,2)","(3,14)"
251,"(0,0)","(0,15)"
251,"(0,15)","(4,13)"
251,"(4,13)","(2,14)"
251,"(2,14)","(2,18)"
251,"(2,18)","(4,19)"
252,"(0,0)","(1,2)"
252,"(1,2)","(0,16)"
252,"(0,16)","(2,18)"
252,"(2,18)","(0,12)"
252,"(0,12)","(2,19)"
253,"(0,0)","(4,8)"
253,"(4,8)","(1,16)"
253,"(1,16)","(3,10)"
253,"(3,10)","(1,4)"
253,"(1,4)","(0,14)"
254,"(0,0)","(1,1)"
254,"(1,1)","(1,15)"
254,"(1,15)","(0,11)"
254,"(0,11)","(4,11)"
254,"(4,11)","(0,11)"
255,"(0,0)","(2,10)"
255,"(2,10)","(1,6)"
255,"(1,6)","(2,0)"
255,"(2,0)","(2,4)"
255,"(2,4)","(1,6)"
256,"(0,0)","(2,4)"
256,"(2,4)","(0,12)"
256,"(0,12)","(3,16)"
256,"(3,16)","(2,15)"
256,"(2,15)","(3,9)"
257,"(0,0)","(4,17)"
257,"(4,17)","(0,2)"
257,"(0,2)","(2,9)"
257,"(2,9)","(4,4)"
257,"(4,4)","(2,17)"
258,"(0,0)","(0,4)"
258,"(0,4)","(2,15)"
258,"(2,15)","(4,18)"
258,"(4,18)","(0,5)"
258,"(0,5)","(3,0)"
259,"(0,0)","(1,13)"
259,"(1,13)","(3,16)"
259,"(3,16)","(0,16)"
259,"(0,16)","(2,11)"
259,"(2,11)","(2,5)"
260,"(0,0)","(2,15)"
260,"(2,15)","(3,0)"
260,"(3,0)","(1,8)"
260,"(1,8)","(1,7)"
260,"(1,7)","(4,18)"
261,"(0,0)","(4,12)"
261,"(4,12)","(3,0)"
261,"(3,0)","(3,8)"
261,"(3,8)","(1,1)"
261,"(1,1)","(3,17)"
262,"(0,0)","(1,1)"
262,"(1,1)","(4,14)"
262,"(4,14)","(1,4)"
262,"(1,4)","(2,8)"
262,"(2,8)","(0,6)"
263,"(0,0)","(2,0)"
263,"(2,0)","(3,17)"
263,"(3,17)","(2,17)"
263,"(2,17)","(1,1)"
263,"(1,1)","(3,3)"
264,"(0,0)","(1,19)"
264,"(1,19)","(2,12)"
264,"(2,12)","(1,1)"
264,"(1,1)","(2,1)"
264,"(2,1)","(1,1)"
265,"(0,0)","(0,4)"
265,"(0,4)","(1,0)"
265,"(1,0)","(1,13)"
265,"(1,13)","(3,8)"
265,"(3,8)","(3,11)"
266,"(0,0)","(4,12)"
266,"(4,12)","(0,5)"
266,"(0,5)","(2,6)"
266,"(2,6)","(1,15)"
266,"(1,15)","(3,18)"
267,"(0,0)","(1,11)"
267,"(1,11)","(3,11)"
267,"(3,11)","(2,7)"
267,"(2,7)","(0,16)"
267,"(0,16)","(1,10)"
268,"(0,0)","(3,9)"
268,"(3,9)","(0,5)"
268,"(0,5)","(4,12)"
268,"(4,12)","(2,12)"
268,"(2,12)","(1,3)"
269,"(0,0)","(4,15)"
269,"(4,15)","(2,9)"
269,"(2,9)","(0,19)"
269,"(0,19)","(2,8)"
269,"(2,8)","(2,10)"
270,"(0,0)","(2,10)"
270,"(2,10)","(2,1)"
270,"(2,1)","(2,5)"
270,"(2,5)","(1,9)"
270,"(1,9)","(4,18)"
271,"(0,0)","(3,4)"
271,"(3,4)","(3,3)"
271,"(3,3)","(2,5)"
271,"(2,5)","(1,14)"
271,"(1,14)","(2,16)"
272,"(0,0)","(2,4)"
272,"(2,4)","(2,10)"
272,"(2,10)","(4,18)"
272,"(4,18)","(3,4)"
272,"(3,4)","(0,4)"
273,"(0,0)","(0,6)"
273,"(0,6)","(1,10)"
273,"(1,10)","(4,17)"
273,"(4,17)","(1,12)"
273,"(1,12)","(1,9)"
274,"(0,0)","(0,6)"
274,"(0,6)","(4,18)"
274,"(4,18)","(2,15)"
274,"(2,15)","(3,5)"
274,"(3,5)","(3,9)"
275,"(0,0)","(2,7)"
275,"(2,7)","(1,9)"
275,"(1,9)","(2,10)"
275,"(2,10)","(0,14)"
275,"(0,14)","(3,11)"
276,"(0,0)","(4,1)"
276,"(4,1)","(3,17)"
276,"(3,17)","(2,17)"
276,"(2,17)","(2,11)"
276,"(2,11)","(1,12)"
277,"(0,0)","(2,18)"
277,"(2,18)","(3,19)"
277,"(3,19)","(2,5)"
277,"(2,5)","(1,11)"
277,"(1,11)","(3,13)"
278,"(0,0)","(3,3)"
278,"(3,3)","(1,8)"
278,"(1,8)","(0,5)"
278,"(0,5)","(0,17)"
278,"(0,17)","(4,5)"
279,"(0,0)","(3,19)"
279,"(3,19)","(2,8)"
279,"(2,8)","(3,10)"
279,"(3,10)","(0,11)"
279,"(0,11)","(4,19)"
280,"(0,0)","(3,16)"
280,"(3,16)","(1,4)"
280,"(1,4)","(3,11)"
280,"(3,11)","(3,4)"
280,"(3,4)","(4,9)"
281,"(0,0)","(0,2)"
281,"(0,2)","(1,15)"
281,"(1,15)","(0,18)"
281,"(0,18)","(2,18)"
281,"(2,18)","(2,2)"
282,"(0,0)","(2,9)"
282,"(2,9)","(4,3)"
282,"(4,3)","(3,18)"
282,"(3,18)","(3,16)"
282,"(3,16)","(2,12)"
283,"(0,0)","(1,0)"
283,"(1,0)","(3,18)"
283,"(3,18)","(4,11)"
283,"(4,11)","(2,2)"
283,"(2,2)","(1,9)"
284,"(0,0)","(1,14)"
284,"(1,14)","(1,5)"
284,"(1,5)","(0,13)"
284,"(0,13)","(4,4)"
284,"(4,4)","(1,0)"
285,"(0,0)","(1,7)"
285,"(1,7)","(2,10)"
285,"(2,10)","(1,1)"
285,"(1,1)","(2,1)"
285,"(2,1)","(0,5)"
286,"(0,0)","(3,0)"
286,"(3,0)","(4,7)"
286,"(4,7)","(2,14)"
286,"(2,14)","(2,10)"
286,"(2,10)","(1,6)"
287,"(0,0)","(2,5)"
287,"(2,5)","(2,11)"
287,"(2,11)","(3,8)"
287,"(3,8)","(1,11)"
287,"(1,11)","(0,19)"
288,"(0,0)","(2,16)"
288,"(2,16)","(4,0)"
288,"(4,0)","(2,15)"
288,"(2,15)","(1,2)"
288,"(1,2)","(2,1)"
289,"(0,0)","(0,18)"
289,"(0,18)","(3,9)"
289,"(3,9)","(4,11)"
289,"(4,11)","(3,13)"
289,"(3,13)","(0,17)"
290,"(0,0)","(4,15)"
290,"(4,15)","(0,1)"
290,"(0,1)","(2,19)"
290,"(2,19)","(4,15)"
290,"(4,15)","(4,14)"
291,"(0,0)","(2,18)"
291,"(2,18)","(1,11)"
291,"(1,11)","(4,5)"
291,"(4,5)","(4,7)"
291,"(4,7)","(3,16)"
292,"(0,0)","(1,12)"
292,"(1,12)","(1,16)"
292,"(1,16)","(4,9)"
292,"(4,9)","(1,7)"
292,"(1,7)","(4,10)"
293,"(0,0)","(2,16)"
293,"(2,16)","(1,6)"
293,"(1,6)","(2,13)"
293,"(2,13)","(2,5)"
293,"(2,5)","(4,11)"
294,"(0,0)","(0,0)"
294,"(0,0)","(0,10)"
294,"(0,10)","(3,4)"
294,"(3,4)","(2,9)"
294,"(2,9)","(0,17)"
295,"(0,0)","(1,14)"
295,"(1,14)","(4,6)"
295,"(4,6)","(4,12)"
295,"(4,12)","(2,9)"
295,"(2,9)","(4,0)"
296,"(0,0)","(4,6)"
296,"(4,6)","(3,11)"
296,"(3,11)","(1,9)"
296,"(1,9)","(3,13)"
296,"(3,13)","(3,18)"
297,"(0,0)","(0,3)"
297,"(0,3)","(1,15)"
297,"(1,15)","(3,12)"
297,"(3,12)","(3,13)"
297,"(3,13)","(1,14)"
298,"(0,0)","(2,2)"
298,"(2,2)","(1,16)"
298,"(1,16)","(4,1)"
298,"(4,1)","(3,19)"
298,"(3,19)","(2,12)"
299,"(0,0)","(1,2)"
299,"(1,2)","(1,18)"
299,"(1,18)","(0,1)"
299,"(0,1)","(0,11)"
299,"(0,11)","(2,2)"
300,"(0,0)","(0,1)"
300,"(0,1)","(2,7)"
300,"(2,7)","(1,13)"
300,"(1,13)","(3,5)"
300,"(3,5)","(2,1)"
301,"(0,0)","(4,7)"
301,"(4,7)","(2,5)"
301,"(2,5)","(0,18)"
301,"(0,18)","(4,19)"
301,"(4,19)","(3,11)"
302,"(0,0)","(1,10)"
302,"(1,10)","(0,3)"
302,"(0,3)","(1,3)"
302,"(1,3)","(0,6)"
302,"(0,6)","(1,19)"
303,"(0,0)","(0,0)"
303,"(0,0)","(3,2)"
303,"(3,2)","(3,19)"
303,"(3,19)","(0,16)"
303,"(0,16)","(3,9)"
304,"(0,0)","(0,4)"
304,"(0,4)","(4,0)"
304,"(4,0)","(3,14)"
304,"(3,14)","(1,14)"
304,"(1,14)","(1,8)"
305,"(0,0)","(4,1)"
305,"(4,1)","(0,11)"
305,"(0,11)","(1,7)"
305,"(1,7)","(2,7)"
305,"(2,7)","(0,1)"
306,"(0,0)","(4,3)"
306,"(4,3)","(1,11)"
306,"(1,11)","(1,7)"
306,"(1,7)","(2,5)"
306,"(2,5)","(2,9)"
307,"(0,0)","(3,6)"
307,"(3,6)","(2,13)"
307,"(2,13)","(1,6)"
307,"(1,6)","(1,12)"
307,"(1,12)","(3,0)"
308,"(0,0)","(2,6)"
308,"(2,6)","(4,9)"
308,"(4,9)","(0,15)"
308,"(0,15)","(3,16)"
308,"(3,16)","(4,14)"
309,"(0,0)","(0,17)"
309,"(0,17)","(4,5)"
309,"(4,5)","(1,2)"
309,"(1,2)","(1,4)"
309,"(1,4)","(3,2)"
310,"(0,0)","(2,8)"
310,"(2,8)","(4,1)"
310,"(4,1)","(2,7)"
310,"(2,7)","(2,11)"
310,"(2,11)","(3,12)"
311,"(0,0)","(1,13)"
311,"(1,13)","(0,10)"
311,"(0,10)","(3,15)"
311,"(3,15)","(4,0)"
311,"(4,0)","(1,10)"
312,"(0,0)","(0,14)"
312,"(0,14)","(1,5)"
312,"(1,5)","(2,1)"
312,"(2,1)","(3,18)"
312,"(3,18)","(1,0)"
313,"(0,0)","(4,13)"
313,"(4,13)","(4,4)"
313,"(4,4)","(2,18)"
313,"(2,18)","(2,2)"
313,"(2,2)","(2,18)"
314,"(0,0)","(1,2)"
314,"(1,2)","(0,1)"
314,"(0,1)","(4,4)"
314,"(4,4)","(2,5)"
314,"(2,5)","(1,15)"
315,"(0,0)","(4,12)"
315,"(4,12)","(0,5)"
315,"(0,5)","(1,17)"
315,"(1,17)","(1,9)"
315,"(1,9)","(1,14)"
316,"(0,0)","(2,16)"
316,"(2,16)","(3,8)"
316,"(3,8)","(2,0)"
316,"(2,0)","(2,5)"
316,"(2,5)","(1,3)"
317,"(0,0)","(4,16)"
317,"(4,16)","(3,7)"
317,"(3,7)","(1,8)"
317,"(1,8)","(2,3)"
317,"(2,3)","(3,2)"
318,"(0,0)","(4,13)"
318,"(4,13)","(3,15)"
318,"(3,15)","(2,7)"
318,"(2,7)","(3,14)"
318,"(3,14)","(3,13)"
319,"(0,0)","(0,15)"
319,"(0,15)","(1,16)"
319,"(1,16)","(3,19)"
319,"(3,19)","(3,8)"
319,"(3,8)","(3,18)"
320,"(0,0)","(0,7)"
320,"(0,7)","(1,15)"
320,"(1,15)","(0,2)"
320,"(0,2)","(4,10)"
320,"(4,10)","(3,4)"
321,"(0,0)","(3,11)"
321,"(3,11)","(4,8)"
321,"(4,8)","(1,9)"
321,"(1,9)","(0,12)"
321,"(0,12)","(1,7)"
322,"(0,0)","(4,19)"
322,"(4,19)","(1,6)"
322,"(1,6)","(0,7)"
322,"(0,7)","(0,3)"
322,"(0,3)","(0,15)"
323,"(0,0)","(4,14)"
323,"(4,14)","(1,5)"
323,"(1,5)","(3,11)"
323,"(3,11)","(2,3)"
323,"(2,3)","(4,2)"
324,"(0,0)","(0,13)"
324,"(0,13)","(0,2)"
324,"(0,2)","(0,9)"
324,"(0,9)","(3,13)"
324,"(3,13)","(1,10)"
325,"(0,0)","(3,10)"
325,"(3,10)","(2,12)"
325,"(2,12)","(0,10)"
325,"(0,10)","(4,14)"
325,"(4,14)","(1,17)"
326,"(0,0)","(1,12)"
326,"(1,12)","(4,13)"
326,"(4,13)","(1,14)"
326,"(1,14)","(3,12)"
326,"(3,12)","(1,11)"
327,"(0,0)","(1,11)"
327,"(1,11)","(0,13)"
327,"(0,13)","(4,14)"
327,"(4,14)","(2,11)"
327,"(2,11)","(0,11)"
328,"(0,0)","(2,0)"
328,"(2,0)","(0,5)"
328,"(0,5)","(4,16)"
328,"(4,16)","(1,12)"
328,"(1,12)","(0,18)"
329,"(0,0)","(2,4)"
329,"(2,4)","(1,10)"
329,"(1,10)","(0,19)"
329,"(0,19)","(2,15)"
329,"(2,15)","(0,14)"
330,"(0,0)","(3,0)"
330,"(3,0)","(2,19)"
330,"(2,19)","(0,12)"
330,"(0,12)","(0,7)"
330,"(0,7)","(2,0)"
331,"(0,0)","(0,19)"
331,"(0,19)","(2,6)"
331,"(2,6)","(3,9)"
331,"(3,9)","(3,16)"
331,"(3,16)","(2,14)"
332,"(0,0)","(3,6)"
332,"(3,6)","(0,6)"
332,"(0,6)","(1,0)"
332,"(1,0)","(2,19)"
332,"(2,19)","(3,0)"
333,"(0,0)","(4,6)"
333,"(4,6)","(4,17)"
333,"(4,17)","(4,19)"
333,"(4,19)","(2,7)"
333,"(2,7)","(0,13)"
334,"(0,0)","(3,2)"
334,"(3,2)","(2,7)"
334,"(2,7)","(4,15)"
334,"(4,15)","(3,13)"
334,"(3,13)","(2,7)"
335,"(0,0)","(4,2)"
335,"(4,2)","(1,16)"
335,"(1,16)","(0,1)"
335,"(0,1)","(0,0)"
335,"(0,0)","(3,6)"
336,"(0,0)","(4,2)"
336,"(4,2)","(3,8)"
336,"(3,8)","(1,2)"
336,"(1,2)","(4,12)"
336,"(4,12)","(1,15)"
337,"(0,0)","(3,3)"
337,"(3,3)","(1,14)"
337,"(1,14)","(0,12)"
337,"(0,12)","(0,6)"
337,"(0,6)","(0,17)"
338,"(0,0)","(3,11)"
338,"(3,11)","(3,18)"
338,"(3,18)","(1,11)"
338,"(1,11)","(4,8)"
338,"(4,8)","(3,8)"
339,"(0,0)","(0,10)"
339,"(0,10)","(0,2)"
339,"(0,2)","(3,1)"
339,"(3,1)","(0,17)"
339,"(0,17)","(1,9)"
340,"(0,0)","(0,13)"
340,"(0,13)","(0,1)"
340,"(0,1)","(0,13)"
340,"(0,13)","(4,16)"
340,"(4,16)","(3,17)"
341,"(0,0)","(0,1)"
341,"(0,1)","(3,18)"
341,"(3,18)","(4,3)"
341,"(4,3)","(0,14)"
341,"(0,14)","(2,19)"
342,"(0,0)","(3,5)"
342,"(3,5)","(2,14)"
342,"(2,14)","(0,17)"
342,"(0,17)","(0,8)"
342,"(0,8)","(0,11)"
343,"(0,0)","(1,14)"
343,"(1,14)","(2,16)"
343,"(2,16)","(4,17)"
343,"(4,17)","(2,16)"
343,"(2,16)","(3,12)"
344,"(0,0)","(2,8)"
344,"(2,8)","(0,15)"
344,"(0,15)","(2,6)"
344,"(2,6)","(4,9)"
344,"(4,9)","(1,8)"
345,"(0,0)","(2,6)"
345,"(2,6)","(3,3)"
345,"(3,3)","(0,14)"
345,"(0,14)","(3,19)"
345,"(3,19)","(3,19)"
346,"(0,0)","(2,10)"
346,"(2,10)","(3,5)"
346,"(3,5)","(4,19)"
346,"(4,19)","(1,3)"
346,"(1,3)","(0,14)"
347,"(0,0)","(4,6)"
347,"(4,6)","(0,13)"
347,"(0,13)","(1,0)"
347,"(1,0)","(0,13)"
347,"(0,13)","(1,9)"
348,"(0,0)","(2,19)"
348,"(2,19)","(1,2)"
348,"(1,2)","(1,16)"
348,"(1,16)","(2,13)"
348,"(2,13)","(2,8)"
349,"(0,0)","(3,4)"
349,"(3,4)","(3,12)"
349,"(3,12)","(3,2)"
349,"(3,2)","(4,11)"
349,"(4,11)","(2,8)"
350,"(0,0)","(4,6)"
350,"(4,6)","(3,3)"
350,"(3,3)","(4,8)"
350,"(4,8)","(1,12)"
350,"(1,12)","(0,3)"
351,"(0,0)","(2,8)"
351,"(2,8)","(4,12)"
351,"(4,12)","(4,16)"
351,"(4,16)","(0,0)"
351,"(0,0)","(1,8)"
352,"(0,0)","(1,15)"
352,"(1,15)","(2,14)"
352,"(2,14)","(2,17)"
352,"(2,17)","(4,17)"
352,"(4,17)","(4,2)"
353,"(0,0)","(3,0)"
353,"(3,0)","(4,14)"
353,"(4,14)","(1,15)"
353,"(1,15)","(1,13)"
353,"(1,13)","(3,4)"
354,"(0,0)","(1,12)"
354,"(1,12)","(0,15)"
354,"(0,15)","(2,16)"
354,"(2,16)","(3,17)"
354,"(3,17)","(1,18)"
355,"(0,0)","(1,4)"
355,"(1,4)","(3,9)"
355,"(3,9)","(1,16)"
355,"(1,16)","(2,14)"
355,"(2,14)","(3,19)"
356,"(0,0)","(1,12)"
356,"(1,12)","(4,1)"
356,"(4,1)","(2,8)"
356,"(2,8)","(2,7)"
356,"(2,7)","(0,19)"
357,"(0,0)","(2,3)"
357,"(2,3)","(3,4)"
357,"(3,4)","(3,8)"
357,"(3,8)","(4,4)"
357,"(4,4)","(1,7)"
358,"(0,0)","(0,1)"
358,"(0,1)","(3,3)"
358,"(3,3)","(0,2)"
358,"(0,2)","(3,16)"
358,"(3,16)","(0,15)"
359,"(0,0)","(2,6)"
359,"(2,6)","(0,1)"
359,"(0,1)","(0,1)"
359,"(0,1)","(1,0)"
359,"(1,0)","(1,7)"
360,"(0,0)","(3,11)"
360,"(3,11)","(4,2)"
360,"(4,2)","(1,17)"
360,"(1,17)","(1,7)"
360,"(1,7)","(0,15)"
361,"(0,0)","(4,8)"
361,"(4,8)","(1,8)"
361,"(1,8)","(2,10)"
361,"(2,10)","(2,3)"
361,"(2,3)","(1,15)"
362,"(0,0)","(2,16)"
362,"(2,16)","(0,2)"
362,"(0,2)","(1,5)"
362,"(1,5)","(2,5)"
362,"(2,5)","(4,13)"
363,"(0,0)","(1,17)"
363,"(1,17)","(3,3)"
363,"(3,3)","(1,5)"
363,"(1,5)","(2,8)"
363,"(2,8)","(3,12)"
364,"(0,0)","(3,5)"
364,"(3,5)","(1,3)"
364,"(1,3)","(0,1)"
364,"(0,1)","(4,10)"
364,"(4,10)","(2,5)"
365,"(0,0)","(2,17)"
365,"(2,17)","(2,7)"
365,"(2,7)","(1,6)"
365,"(1,6)","(2,13)"
365,"(2,13)","(3,1)"
366,"(0,0)","(0,9)"
366,"(0,9)","(2,17)"
366,"(2,17)","(3,15)"
366,"(3,15)","(3,9)"
366,"(3,9)","(4,0)"
367,"(0,0)","(1,17)"
367,"(1,17)","(4,14)"
367,"(4,14)","(2,3)"
367,"(2,3)","(1,6)"
367,"(1,6)","(4,19)"
368,"(0,0)","(0,17)"
368,"(0,17)","(0,9)"
368,"(0,9)","(1,0)"
368,"(1,0)","(3,8)"
368,"(3,8)","(1,19)"
369,"(0,0)","(4,2)"
369,"(4,2)","(0,5)"
369,"(0,5)","(3,15)"
369,"(3,15)","(2,3)"
369,"(2,3)","(4,11)"
370,"(0,0)","(1,8)"
370,"(1,8)","(0,1)"
370,"(0,1)","(3,15)"
370,"(3,15)","(3,7)"
370,"(3,7)","(0,14)"
371,"(0,0)","(3,14)"
371,"(3,14)","(1,18)"
371,"(1,18)","(0,15)"
371,"(0,15)","(3,14)"
371,"(3,14)","(2,15)"
372,"(0,0)","(2,6)"
372,"(2,6)","(3,16)"
372,"(3,16)","(2,2)"
372,"(2,2)","(4,14)"
372,"(4,14)","(0,15)"
373,"(0,0)","(2,7)"
373,"(2,7)","(1,15)"
373,"(1,15)","(2,8)"
373,"(2,8)","(2,16)"
373,"(2,16)","(0,14)"
374,"(0,0)","(3,19)"
374,"(3,19)","(4,10)"
374,"(4,10)","(0,9)"
374,"(0,9)","(1,5)"
374,"(1,5)","(4,9)"
375,"(0,0)","(4,11)"
375,"(4,11)","(1,3)"
375,"(1,3)","(1,3)"
375,"(1,3)","(3,15)"
375,"(3,15)","(4,10)"
376,"(0,0)","(0,17)"
376,"(0,17)","(2,10)"
376,"(2,10)","(4,19)"
376,"(4,19)","(4,15)"
376,"(4,15)","(0,10)"
377,"(0,0)","(1,12)"
377,"(1,12)","(0,0)"
377,"(0,0)","(1,14)"
377,"(1,14)","(3,11)"
377,"(3,11)","(1,12)"
378,"(0,0)","(4,16)"
378,"(4,16)","(2,3)"
378,"(2,3)","(0,18)"
378,"(0,18)","(0,13)"
378,"(0,13)","(0,5)"
379,"(0,0)","(2,4)"
379,"(2,4)","(2,3)"
379,"(2,3)","(0,15)"
379,"(0,15)","(1,18)"
379,"(1,18)","(0,8)"
380,"(0,0)","(3,3)"
380,"(3,3)","(2,14)"
380,"(2,14)","(1,16)"
380,"(1,16)","(1,6)"
380,"(1,6)","(3,5)"
381,"(0,0)","(3,3)"
381,"(3,3)","(2,12)"
381,"(2,12)","(4,11)"
381,"(4,11)","(3,13)"
381,"(3,13)","(1,16)"
382,"(0,0)","(2,16)"
382,"(2,16)","(0,3)"
382,"(0,3)","(4,16)"
382,"(4,16)","(3,18)"
382,"(3,18)","(0,7)"
383,"(0,0)","(3,4)"
383,"(3,4)","(3,14)"
383,"(3,14)","(3,17)"
383,"(3,17)","(2,12)"
383,"(2,12)","(4,2)"
384,"(0,0)","(1,13)"
384,"(1,13)","(1,2)"
384,"(1,2)","(0,1)"
384,"(0,1)","(2,5)"
384,"(2,5)","(4,19)"
385,"(0,0)","(3,12)"
385,"(3,12)","(3,18)"
385,"(3,18)","(2,9)"
385,"(2,9)","(3,8)"
385,"(3,8)","(0,1)"
386,"(0,0)","(3,7)"
386,"(3,7)","(1,19)"
386,"(1,19)","(4,2)"
386,"(4,2)","(2,18)"
386,"(2,18)","(2,18)"
387,"(0,0)","(1,19)"
387,"(1,19)","(4,12)"
387,"(4,12)","(2,13)"
387,"(2,13)","(4,14)"
387,"(4,14)","(4,15)"
388,"(0,0)","(1,16)"
388,"(1,16)","(3,17)"
388,"(3,17)","(2,10)"
388,"(2,10)","(2,10)"
388,"(2,10)","(1,4)"
389,"(0,0)","(4,9)"
389,"(4,9)","(2,9)"
389,"(2,9)","(1,2)"
389,"(1,2)","(0,4)"
389,"(0,4)","(2,4)"
390,"(0,0)","(1,5)"
390,"(1,5)","(3,5)"
390,"(3,5)","(0,4)"
390,"(0,4)","(2,12)"
390,"(2,12)","(3,3)"
391,"(0,0)","(0,19)"
391,"(0,19)","(0,18)"
391,"(0,18)","(0,0)"
391,"(0,0)","(2,19)"
391,"(2,19)","(1,18)"
392,"(0,0)","(3,11)"
392,"(3,11)","(2,8)"
392,"(2,8)","(4,16)"
392,"(4,16)","(1,17)"
392,"(1,17)","(0,17)"
393,"(0,0)","(2,12)"
393,"(2,12)","(4,9)"
393,"(4,9)","(1,10)"
393,"(1,10)","(4,15)"
393,"(4,15)","(4,10)"
394,"(0,0)","(4,9)"
394,"(4,9)","(1,5)"
394,"(1,5)","(4,4)"
394,"(4,4)","(0,10)"
394,"(0,10)","(4,15)"
395,"(0,0)","(3,4)"
395,"(3,4)","(1,0)"
395,"(1,0)","(1,2)"
395,"(1,2)","(2,2)"
395,"(2,2)","(2,18)"
396,"(0,0)","(3,8)"
396,"(3,8)","(1,11)"
396,"(1,11)","(2,18)"
396,"(2,18)","(0,1)"
396,"(0,1)","(0,19)"
397,"(0,0)","(1,6)"
397,"(1,6)","(3,17)"
397,"(3,17)","(0,11)"
397,"(0,11)","(0,19)"
397,"(0,19)","(3,19)"
398,"(0,0)","(3,5)"
398,"(3,5)","(3,17)"
398,"(3,17)","(4,18)"
398,"(4,18)","(2,0)"
398,"(2,0)","(4,1)"
399,"(0,0)","(1,12)"
399,"(1,12)","(0,2)"
399,"(0,2)","(3,0)"
399,"(3,0)","(2,0)"
399,"(2,0)","(3,12)"
400,"(0,0)","(0,3)"
400,"(0,3)","(2,15)"
400,"(2,15)","(2,17)"
400,"(2,17)","(2,11)"
400,"(2,11)","(0,12)"
401,"(0,0)","(0,8)"
401,"(0,8)","(3,11)"
401,"(3,11)","(2,9)"
401,"(2,9)","(0,4)"
401,"(0,4)","(0,1)"
402,"(0,0)","(4,3)"
402,"(4,3)","(4,14)"
402,"(4,14)","(2,7)"
402,"(2,7)","(1,2)"
402,"(1,2)","(4,3)"
403,"(0,0)","(2,11)"
403,"(2,11)","(3,13)"
403,"(3,13)","(2,6)"
403,"(2,6)","(3,8)"
403,"(3,8)","(3,2)"
404,"(0,0)","(4,2)"
404,"(4,2)","(4,10)"
404,"(4,10)","(2,11)"
404,"(2,11)","(2,6)"
404,"(2,6)","(3,10)"
405,"(0,0)","(4,6)"
405,"(4,6)","(1,6)"
405,"(1,6)","(0,8)"
405,"(0,8)","(0,3)"
405,"(0,3)","(1,11)"
406,"(0,0)","(1,5)"
406,"(1,5)","(4,18)"
406,"(4,18)","(2,2)"
406,"(2,2)","(3,10)"
406,"(3,10)","(1,17)"
407,"(0,0)","(0,19)"
407,"(0,19)","(0,5)"
407,"(0,5)","(0,8)"
407,"(0,8)","(2,7)"
407,"(2,7)","(4,1)"
408,"(0,0)","(4,9)"
408,"(4,9)","(1,5)"
408,"(1,5)","(4,12)"
408,"(4,12)","(0,9)"
408,"(0,9)","(0,19)"
409,"(0,0)","(2,0)"
409,"(2,0)","(3,9)"
409,"(3,9)","(4,3)"
409,"(4,3)","(2,4)"
409,"(2,4)","(4,3)"
410,"(0,0)","(0,2)"
410,"(0,2)","(4,4)"
410,"(4,4)","(4,4)"
410,"(4,4)","(2,2)"
410,"(2,2)","(0,1)"
411,"(0,0)","(0,9)"
411,"(0,9)","(1,17)"
411,"(1,17)","(0,3)"
411,"(0,3)","(2,1)"
411,"(2,1)","(1,14)"
412,"(0,0)","(2,15)"
412,"(2,15)","(1,6)"
412,"(1,6)","(1,18)"
412,"(1,18)","(2,10)"
412,"(2,10)","(3,18)"
413,"(0,0)","(3,12)"
413,"(3,12)","(2,15)"
413,"(2,15)","(3,6)"
413,"(3,6)","(2,3)"
413,"(2,3)","(3,13)"
414,"(0,0)","(1,18)"
414,"(1,18)","(4,1)"
414,"(4,1)","(2,7)"
414,"(2,7)","(0,16)"
414,"(0,16)","(0,18)"
415,"(0,0)","(4,11)"
415,"(4,11)","(2,16)"
415,"(2,16)","(3,13)"
415,"(3,13)","(2,1)"
415,"(2,1)","(0,17)"
416,"(0,0)","(0,10)"
416,"(0,10)","(0,15)"
416,"(0,15)","(0,4)"
416,"(0,4)","(3,0)"
416,"(3,0)","(1,13)"
417,"(0,0)","(0,3)"
417,"(0,3)","(2,5)"
417,"(2,5)","(0,11)"
417,"(0,11)","(4,7)"
417,"(4,7)","(1,18)"
418,"(0,0)","(0,11)"
418,"(0,11)","(3,8)"
418,"(3,8)","(3,4)"
418,"(3,4)","(4,10)"
418,"(4,10)","(3,13)"
419,"(0,0)","(0,9)"
419,"(0,9)","(3,19)"
419,"(3,19)","(3,11)"
419,"(3,11)","(4,9)"
419,"(4,9)","(1,13)"
420,"(0,0)","(2,13)"
420,"(2,13)","(1,6)"
420,"(1,6)","(4,18)"
420,"(4,18)","(0,13)"
420,"(0,13)","(1,6)"
421,"(0,0)","(4,14)"
421,"(4,14)","(3,19)"
421,"(3,19)","(3,2)"
421,"(3,2)","(3,12)"
421,"(3,12)","(1,16)"
422,"(0,0)","(0,7)"
422,"(0,7)","(3,6)"
422,"(3,6)","(3,3)"
422,"(3,3)","(1,12)"
422,"(1,12)","(3,0)"
423,"(0,0)","(4,4)"
423,"(4,4)","(2,17)"
423,"(2,17)","(4,9)"
423,"(4,9)","(1,11)"
423,"(1,11)","(4,17)"
424,"(0,0)","(0,8)"
424,"(0,8)","(0,5)"
424,"(0,5)","(0,19)"
424,"(0,19)","(4,15)"
424,"(4,15)","(1,7)"
425,"(0,0)","(2,17)"
425,"(2,17)","(1,17)"
425,"(1,17)","(0,4)"
425,"(0,4)","(0,13)"
425,"(0,13)","(1,16)"
426,"(0,0)","(1,5)"
426,"(1,5)","(4,9)"
426,"(4,9)","(4,18)"
426,"(4,18)","(0,10)"
426,"(0,10)","(2,8)"
427,"(0,0)","(1,0)"
427,"(1,0)","(2,11)"
427,"(2,11)","(3,0)"
427,"(3,0)","(3,1)"
427,"(3,1)","(3,15)"
428,"(0,0)","(0,13)"
428,"(0,13)","(3,5)"
428,"(3,5)","(4,13)"
428,"(4,13)","(1,3)"
428,"(1,3)","(0,18)"
429,"(0,0)","(1,0)"
429,"(1,0)","(3,17)"
429,"(3,17)","(2,9)"
429,"(2,9)","(4,3)"
429,"(4,3)","(3,2)"
430,"(0,0)","(3,14)"
430,"(3,14)","(0,13)"
430,"(0,13)","(1,7)"
430,"(1,7)","(2,10)"
430,"(2,10)","(2,0)"
431,"(0,0)","(0,15)"
431,"(0,15)","(3,13)"
431,"(3,13)","(2,1)"
431,"(2,1)","(4,1)"
431,"(4,1)","(2,12)"
432,"(0,0)","(3,7)"
432,"(3,7)","(3,10)"
432,"(3,10)","(3,9)"
432,"(3,9)","(2,15)"
432,"(2,15)","(1,3)"
433,"(0,0)","(4,16)"
433,"(4,16)","(2,11)"
433,"(2,11)","(0,17)"
433,"(0,17)","(2,8)"
433,"(2,8)","(0,6)"
434,"(0,0)","(2,18)"
434,"(2,18)","(3,17)"
434,"(3,17)","(2,2)"
434,"(2,2)","(2,16)"
434,"(2,16)","(1,12)"
435,"(0,0)","(0,12)"
435,"(0,12)","(0,6)"
435,"(0,6)","(2,0)"
435,"(2,0)","(4,19)"
435,"(4,19)","(1,11)"
436,"(0,0)","(2,13)"
436,"(2,13)","(3,5)"
436,"(3,5)","(0,16)"
436,"(0,16)","(4,4)"
436,"(4,4)","(4,13)"
437,"(0,0)","(4,4)"
437,"(4,4)","(1,19)"
437,"(1,19)","(0,3)"
437,"(0,3)","(1,14)"
437,"(1,14)","(1,19)"
438,"(0,0)","(3,16)"
438,"(3,16)","(2,11)"
438,"(2,11)","(3,17)"
438,"(3,17)","(4,12)"
438,"(4,12)","(0,9)"
439,"(0,0)","(3,18)"
439,"(3,18)","(0,13)"
439,"(0,13)","(3,13)"
439,"(3,13)","(1,15)"
439,"(1,15)","(0,19)"
440,"(0,0)","(0,3)"
440,"(0,3)","(2,14)"
440,"(2,14)","(0,1)"
440,"(0,1)","(4,4)"
440,"(4,4)","(2,11)"
441,"(0,0)","(2,10)"
441,"(2,10)","(0,9)"
441,"(0,9)","(4,5)"
441,"(4,5)","(3,10)"
441,"(3,10)","(0,1)"
442,"(0,0)","(1,3)"
442,"(1,3)","(2,14)"
442,"(2,14)","(2,15)"
442,"(2,15)","(0,12)"
442,"(0,12)","(2,5)"
443,"(0,0)","(1,7)"
443,"(1,7)","(4,11)"
443,"(4,11)","(2,10)"
443,"(2,10)","(3,0)"
443,"(3,0)","(2,6)"
444,"(0,0)","(0,3)"
444,"(0,3)","(1,11)"
444,"(1,11)","(1,9)"
444,"(1,9)","(1,4)"
444,"(1,4)","(4,2)"
445,"(0,0)","(1,0)"
445,"(1,0)","(1,16)"
445,"(1,16)","(4,10)"
445,"(4,10)","(0,14)"
445,"(0,14)","(3,17)"
446,"(0,0)","(4,2)"
446,"(4,2)","(3,11)"
446,"(3,11)","(3,0)"
446,"(3,0)","(1,10)"
446,"(1,10)","(2,18)"
447,"(0,0)","(0,8)"
447,"(0,8)","(0,18)"
447,"(0,18)","(1,0)"
447,"(1,0)","(4,3)"
447,"(4,3)","(1,16)"
448,"(0,0)","(2,13)"
448,"(2,13)","(4,7)"
448,"(4,7)","(2,12)"
448,"(2,12)","(4,1)"
448,"(4,1)","(1,19)"
449,"(0,0)","(4,7)"
449,"(4,7)","(1,8)"
449,"(1,8)","(3,7)"
449,"(3,7)","(4,14)"
449,"(4,14)","(3,18)"
450,"(0,0)","(1,18)"
450,"(1,18)","(4,11)"
450,"(4,11)","(3,12)"
450,"(3,12)","(1,5)"
450,"(1,5)","(0,10)"
451,"(0,0)","(4,18)"
451,"(4,18)","(3,9)"
451,"(3,9)","(3,6)"
451,"(3,6)","(2,8)"
451,"(2,8)","(1,12)"
452,"(0,0)","(4,19)"
452,"(4,19)","(0,13)"
452,"(0,13)","(2,10)"
452,"(2,10)","(2,18)"
452,"(2,18)","(1,2)"
453,"(0,0)","(4,1)"
453,"(4,1)","(4,11)"
453,"(4,11)","(4,0)"
453,"(4,0)","(3,18)"
453,"(3,18)","(3,5)"
454,"(0,0)","(3,1)"
454,"(3,1)","(1,18)"
454,"(1,18)","(0,13)"
454,"(0,13)","(1,9)"
454,"(1,9)","(3,12)"
455,"(0,0)","(1,12)"
455,"(1,12)","(1,6)"
455,"(1,6)","(3,8)"
455,"(3,8)","(4,17)"
455,"(4,17)","(2,18)"
456,"(0,0)","(0,17)"
456,"(0,17)","(4,4)"
456,"(4,4)","(0,18)"
456,"(0,18)","(0,16)"
456,"(0,16)","(0,8)"
457,"(0,0)","(0,1)"
457,"(0,1)","(0,4)"
457,"(0,4)","(0,7)"
457,"(0,7)","(2,10)"
457,"(2,10)","(3,14)"
458,"(0,0)","(0,19)"
458,"(0,19)","(3,5)"
458,"(3,5)","(2,3)"
458,"(2,3)","(1,4)"
458,"(1,4)","(1,10)"
459,"(0,0)","(0,17)"
459,"(0,17)","(4,13)"
459,"(4,13)","(0,7)"
459,"(0,7)","(3,15)"
459,"(3,15)","(2,15)"
460,"(0,0)","(0,4)"
460,"(0,4)","(2,12)"
460,"(2,12)","(4,8)"
460,"(4,8)","(0,15)"
460,"(0,15)","(2,7)"
461,"(0,0)","(0,0)"
461,"(0,0)","(1,9)"
461,"(1,9)","(2,8)"
461,"(2,8)","(0,18)"
461,"(0,18)","(3,4)"
462,"(0,0)","(1,1)"
462,"(1,1)","(4,7)"
462,"(4,7)","(4,1)"
462,"(4,1)","(4,11)"
462,"(4,11)","(1,0)"
463,"(0,0)","(0,11)"
463,"(0,11)","(3,9)"
463,"(3,9)","(3,8)"
463,"(3,8)","(1,13)"
463,"(1,13)","(4,4)"
464,"(0,0)","(2,0)"
464,"(2,0)","(2,5)"
464,"(2,5)","(0,13)"
464,"(0,13)","(4,3)"
464,"(4,3)","(0,8)"
465,"(0,0)","(0,14)"
465,"(0,14)","(3,3)"
465,"(3,3)","(1,14)"
465,"(1,14)","(0,1)"
465,"(0,1)","(4,12)"
466,"(0,0)","(4,6)"
466,"(4,6)","(2,5)"
466,"(2,5)","(2,3)"
466,"(2,3)","(2,12)"
466,"(2,12)","(0,7)"
467,"(0,0)","(1,8)"
467,"(1,8)","(1,4)"
467,"(1,4)","(3,12)"
467,"(3,12)","(1,16)"
467,"(1,16)","(3,6)"
468,"(0,0)","(4,1)"
468,"(4,1)","(2,0)"
468,"(2,0)","(4,7)"
468,"(4,7)","(0,6)"
468,"(0,6)","(1,16)"
469,"(0,0)","(4,6)"
469,"(4,6)","(3,18)"
469,"(3,18)","(0,3)"
469,"(0,3)","(2,12)"
469,"(2,12)","(1,10)"
470,"(0,0)","(3,0)"
470,"(3,0)","(3,11)"
470,"(3,11)","(4,5)"
470,"(4,5)","(2,10)"
470,"(2,10)","(3,5)"
471,"(0,0)","(1,0)"
471,"(1,0)","(4,4)"
471,"(4,4)","(4,6)"
471,"(4,6)","(0,6)"
471,"(0,6)","(3,12)"
472,"(0,0)","(3,1)"
472,"(3,1)","(3,15)"
472,"(3,15)","(3,7)"
472,"(3,7)","(1,18)"
472,"(1,18)","(2,10)"
473,"(0,0)","(3,6)"
473,"(3,6)","(0,4)"
473,"(0,4)","(4,5)"
473,"(4,5)","(4,12)"
473,"(4,12)","(0,9)"
474,"(0,0)","(4,19)"
474,"(4,19)","(4,0)"
474,"(4,0)","(3,17)"
474,"(3,17)","(0,10)"
474,"(0,10)","(3,6)"
475,"(0,0)","(2,7)"
475,"(2,7)","(0,2)"
475,"(0,2)","(1,9)"
475,"(1,9)","(4,5)"
475,"(4,5)","(2,3)"
476,"(0,0)","(4,3)"
476,"(4,3)","(3,4)"
476,"(3,4)","(3,11)"
476,"(3,11)","(2,13)"
476,"(2,13)","(4,10)"
477,"(0,0)","(1,11)"
477,"(1,11)","(0,7)"
477,"(0,7)","(4,4)"
477,"(4,4)","(4,5)"
477,"(4,5)","(3,9)"
478,"(0,0)","(0,11)"
478,"(0,11)","(2,8)"
478,"(2,8)","(2,19)"
478,"(2,19)","(4,0)"
478,"(4,0)","(2,5)"
479,"(0,0)","(0,3)"
479,"(0,3)","(0,0)"
479,"(0,0)","(4,9)"
479,"(4,9)","(4,13)"
479,"(4,13)","(2,19)"
480,"(0,0)","(3,1)"
480,"(3,1)","(2,9)"
480,"(2,9)","(4,10)"
480,"(4,10)","(0,3)"
480,"(0,3)","(0,9)"
481,"(0,0)","(2,17)"
481,"(2,17)","(2,17)"
481,"(2,17)","(2,5)"
481,"(2,5)","(2,7)"
481,"(2,7)","(3,3)"
482,"(0,0)","(2,12)"
482,"(2,12)","(1,3)"
482,"(1,3)","(0,2)"
482,"(0,2)","(0,11)"
482,"(0,11)","(3,13)"
483,"(0,0)","(4,9)"
483,"(4,9)","(0,12)"
483,"(0,12)","(2,4)"
483,"(2,4)","(3,18)"
483,"(3,18)","(3,4)"
484,"(0,0)","(3,14)"
484,"(3,14)","(3,4)"
484,"(3,4)","(4,13)"
484,"(4,13)","(2,13)"
484,"(2,13)","(0,0)"
485,"(0,0)","(2,16)"
485,"(2,16)","(4,6)"
485,"(4,6)","(1,5)"
485,"(1,5)","(2,19)"
485,"(2,19)","(3,12)"
486,"(0,0)","(1,18)"
486,"(1,18)","(0,11)"
486,"(0,11)","(1,3)"
486,"(1,3)","(3,17)"
486,"(3,17)","(1,1)"
487,"(0,0)","(1,5)"
487,"(1,5)","(0,11)"
487,"(0,11)","(0,18)"
487,"(0,18)","(3,7)"
487,"(3,7)","(4,9)"
488,"(0,0)","(1,3)"
488,"(1,3)","(4,10)"
488,"(4,10)","(0,11)"
488,"(0,11)","(3,12)"
488,"(3,12)","(0,0)"
489,"(0,0)","(3,15)"
489,"(3,15)","(0,4)"
489,"(0,4)","(1,7)"
489,"(1,7)","(4,6)"
489,"(4,6)","(2,19)"
490,"(0,0)","(1,10)"
490,"(1,10)","(3,0)"
490,"(3,0)","(1,6)"
490,"(1,6)","(1,1)"
490,"(1,1)","(4,7)"
491,"(0,0)","(1,6)"
491,"(1,6)","(3,10)"
491,"(3,10)","(0,16)"
491,"(0,16)","(2,4)"
491,"(2,4)","(0,10)"
492,"(0,0)","(0,15)"
492,"(0,15)","(4,14)"
492,"(4,14)","(3,13)"
492,"(3,13)","(1,18)"
492,"(1,18)","(4,1)"
493,"(0,0)","(3,6)"
493,"(3,6)","(3,12)"
493,"(3,12)","(2,12)"
493,"(2,12)","(2,4)"
493,"(2,4)","(4,13)"
494,"(0,0)","(3,3)"
494,"(3,3)","(3,5)"
494,"(3,5)","(0,3)"
494,"(0,3)","(0,10)"
494,"(0,10)","(0,6)"
495,"(0,0)","(3,14)"
495,"(3,14)","(0,5)"
495,"(0,5)","(1,3)"
495,"(1,3)","(3,10)"
495,"(3,10)","(3,14)"
496,"(0,0)","(2,16)"
496,"(2,16)","(2,10)"
496,"(2,10)","(2,18)"
496,"(2,18)","(2,18)"
496,"(2,18)","(1,14)"
497,"(0,0)","(2,4)"
497,"(2,4)","(2,5)"
497,"(2,5)","(4,14)"
497,"(4,14)","(0,7)"
497,"(0,7)","(0,1)"
498,"(0,0)","(1,14)"
498,"(1,14)","(3,18)"
498,"(3,18)","(1,14)"
498,"(1,14)","(0,10)"
498,"(0,10)","(3,18)"
499,"(0,0)","(3,13)"
499,"(3,13)","(0,3)"
499,"(0,3)","(3,9)"
499,"(3,9)","(1,18)"
499,"(1,18)","(4,17)"
500,"(0,0)","(1,1)"
500,"(1,1)","(3,8)"
500,"(3,8)","(0,3)"
500,"(0,3)","(1,14)"
500,"(1,14)","(1,19)"
